DROP TABLE IF EXISTS Games;
DROP TABLE IF EXISTS Consoles;
DROP TABLE IF EXISTS Genres;
DROP TABLE IF EXISTS GameGenres;

CREATE TABLE Games (
    GameID INT NOT NULL AUTO_INCREMENT PRIMARY KEY,
    ConsoleID TEXT,
    Series TEXT,
    Title TEXT,
    ReleaseYear INTEGER,
    Publisher TEXT
);

INSERT INTO Games (ConsoleID, Series, Title, ReleaseYear, Publisher)
VALUES ('Switch', 'The Legend of Zelda', 'Breathe of the Wild', 2017, 'Nintendo'),
    ('Switch', 'Dragon Quest', '3 HD-2D Remake', 2024, 'Square Enix'),
    ('Switch', 'Pokemon', 'Mystery Dungeon: Rescue Team DX', 2020, 'The Pokemon Company'),
    ('Switch', 'L.A. Noire', 'L.A. Noire', 2017, 'Rockstar Entertainment'),
    ('Switch', 'Pokemon', 'Lets Go, Pikachu!', 2018, 'The Pokemon Company'),
    ('Switch', 'Nintendo Switch', 'Sports', 2022, 'Nintendo'),
    ('Switch', 'Pokemon', 'Scarlet', 2022, 'The Pokemon Company'),
    ('Switch', 'It Takes Two', 'It Takes Two', 2022, 'EA'),
    ('Switch', 'Pokemon', 'Shining Pearl', 2021, 'The Pokemon Company'),
    ('Switch', 'Animal Crossing', 'New Horizons', 2020, 'Nintendo'),
    ('Switch', 'Minecraft', 'Minecraft', 2017, 'Mojang'),
    ('Switch', 'Pokemon', 'Sword', 2019, 'The Pokemon Company'),
    ('Switch', 'Mario Kart', '8 Deluxe', 2017, 'Nintendo'),
    ('Switch', 'The Legend of Zelda', 'Links Awakening', 2019, 'Nintendo'),
    ('X360', 'Call of Duty', 'Black Ops 2', 2012, 'Treyarch'),
    ('X360', 'Halo', '4', 2012, '343 Industries'),
    ('X360', 'Halo', '3', 2007, 'Bungie'),
    ('Xbox', 'Halo', '2', 2004, 'Bungie'),
    ('Xbox', 'Halo', 'Combat Evolved', 2001, 'Bungie'),
    ('XOne', 'NHL', '16', 2015, 'EA'),
    ('GBA', 'Pokemon', 'Fire Red', 2004, 'The Pokemon Company'),
    ('GBA', 'Pokemon', 'Ruby', 2003, 'The Pokemon Company'),
    ('DS', 'Pokemon', 'Heart Gold', 2010, 'The Pokemon Company'),
    ('DS', 'Pokemon', 'Platinum', 2008, 'The Pokemon Company'),
    ('DS', 'Pokemon', 'Diamond', 2006, 'The Pokemon Company'),
    ('DS', 'Pokemon', 'White 2', 2012, 'The Pokemon Company'),
    ('3DS', 'Tomodachi', 'Life', 2013, 'Nintendo'),
    ('3DS', 'Pokemon', 'Ultra Moon', 2017, 'The Pokemon Company'),
    ('3DS', 'Pokemon', 'Super Mystery Dungeon', 2015, 'The Pokemon Company'),
    ('3DS', 'Animal Crossing', 'New Leaf', 2012, 'Nintendo'),
    ('3DS', 'Super Smash Bros', 'For Nintendo 3DS', 2014, 'Nintendo'),
    ('3DS', 'Mario Kart', '7', 2011, 'Nintendo'),
    ('3DS', 'The Legend of Zelda', 'Majoras Mask 3D', 2015, 'Nintendo'),
    ('Switch', 'Super Smash Bros', 'Ultimate', 2018, 'Nintendo'),
    ('Switch', 'Monopoly', 'For Nintendo Switch', 2017, 'Ubisoft'),
    ('Switch', 'Risk', 'Risk', 2018, 'Ubisoft'),
    ('Switch', 'Stardew Valley', 'Stardew Valley', 2017, 'ConcernedApe'),
    ('Switch', 'Everybody 1-2-Switch!', 'Everybody 1-2-Switch!', 2023, 'Nintendo'),
    ('Switch', 'Jackbox Party Pack', 'The Jackbox Party Pack 3', 2016, 'Jackbox Games, Inc.'),
    ('Switch', 'Jackbox Party Pack', 'The Jackbox Party Pack 7', 2020, 'Jackbox Games, Inc.'),
    ('Switch', 'Pokemon', 'Legends Arceus', 2022, 'The Pokemon Company'),
    ('Switch', 'The Legend of Zelda', 'Tears of the Kingdom', 2023, 'Nintendo'),
    ('Switch', 'UNO', 'UNO', 2017, 'Ubisoft'),
    ('Switch', 'LEGO Star Wars', 'The Skywalker Saga', 2022, 'WBIE'),
    ('Switch', 'Pokemon', 'Quest', 2018, 'The Pokemon Company'),
    ('PC', 'Apex', 'Apex Legends', 2020, 'EA'),
    ('PC', 'Balatro', 'Balatro', 2024, 'Playstack'),
    ('PC', 'Balders Gate', '3', 2023, 'Larian Studios'),
    ('PC', 'Content Warning', 'Content Warning', 2024, 'Landfall'),
    ('PC', 'R.E.P.O.', 'R.E.P.O.', 2025, 'Semiwork'),
    ('PC', 'Stardew Valley', 'Stardew Valley', 2016, 'ConcernedApe'),
    ('PC', 'Team Fortress', '2', 2007, 'Valve'),
    ('PC', 'Atomic Heart', 'Atomic Heart', 2023, 'Focus Entertainment'),
    ('PC', 'Black Ops', 'Call of Duty 3', 2015, 'Activision'),
    ('PC', 'The Elder Scrolls', 'Skyrim', 2016, 'Bethesda'),
    ('PC', 'Fallout', '4', 2015, 'Bethesda'),
    ('PC', 'Grand Theft Auto', '5', 2015, 'Rockstar'),
    ('PC', 'Halo', 'Infinite', 2021, '343 Industries'),
    ('PC', 'Lethal Company', 'Lethal Company', 2023, 'Zeekerss'),
    ('PC', 'Madden', '22', 2021, 'EA'),
    ('PC', 'Madden', '23', 2022, 'EA'),
    ('PC', 'Madden', '24', 2023, 'EA'),
    ('PC', 'Palworld', 'Palworld', 2024, 'Pocketpair'),
    ('PC', 'Subnautica', 'Subnautica', 2018, 'Unknown Worlds Entertainment'),
    ('PC', 'Terraria', 'Terraria', 2011, 'Re-Logic')
;

CREATE TABLE Consoles (
    ConsoleID TEXT,
    Manufacturer TEXT,
    ConsoleName TEXT,
    ReleaseYear INTEGER,
    PRIMARY KEY (ConsoleID(30))
);

INSERT INTO Consoles (ConsoleID, Manufacturer, ConsoleName, ReleaseYear)
VALUES ('Switch', 'Nintendo', 'Nintendo Switch', 2017),
    ('3DS', 'Nintendo', 'Nintendo 3DS',2011),
    ('DS', 'Nintendo', 'Nintendo DS', 2004),
    ('GBA', 'Nintendo', 'Game Boy Advance', 2001),
    ('XOne', 'Microsoft', 'Xbox One', 2013),
    ('X360', 'Microsoft', 'Xbox 360', 2005),
    ('Xbox', 'Microsoft', 'Xbox', 2001),
    ('PC', 'Microsoft', 'Personal Windows Computer', 1985)
;

CREATE TABLE Genres (
    GenreID TEXT,
    Genre TEXT,
    PRIMARY KEY (GenreID(10))
);

INSERT INTO Genres (GenreID, Genre)
VALUES ('ACT', 'Action'),
    ('PUZ', 'Puzzle'),
    ('RPG', 'Role-Playing game'),
    ('SHT', 'Shooter'),
    ('FPS', 'First-Person Shooter'),
    ('PAR', 'Party'),
    ('MOBA', 'Multiplayer Online Battle Arena'),
    ('SIM', 'Simulation'),
    ('SPT', 'Sport'),
    ('SURH', 'Survival Horror'),
    ('ADVH', 'Adventure Horror'),
    ('RACE', 'Racing'),
    ('STRAT', 'Strategy'),
    ('CAS', 'Casual'),
    ('RYTH', 'Rythm'),
    ('FGT', 'Fighting'),
    ('SNDBX', 'Sandbox'),
    ('PLT', 'Platform'),
    ('SUR', 'Survival'),
    ('MMORPG', 'MMORPG'),
    ('TRPG', 'Tactical Role-Playing Game'),
    ('ADV', 'Adventure'),
    ('OPW', 'Open World'),
    ('ROG', 'Roguelike'),
    ('TPS', 'Third-Person Shooter'),
    ('NLG', 'Non-Linear Gameplay'),
    ('SSIM', 'Social Simulation'),
    ('BRD', 'Board Game'),
    ('IND', 'Indie Game'),
    ('LSIM', 'Life Simulation Game'),
    ('TRIV', 'Trivia'),
    ('BRG', 'Battle Royale Game')
;

CREATE TABLE GameGenres (
    GameID INTEGER,
    GenreID TEXT
);

INSERT INTO GameGenres(GameID, GenreID)
VALUES (1, 'OPW'), (1, 'PUZ'), (1, 'ACT'), (1, 'FGT'), (1, 'RPG'), (1, 'ADV'), (1, 'SHT'), (1, 'NLG'),
    (2, 'RPG'), (2, 'ADV'),
    (3, 'ROG'), (3, 'RPG'),
    (4, 'OPW'), (4, 'ACT'), (4, 'ADV'), (4, 'PUZ'), (4, 'TPS'), (4, 'NLG'), (4, 'STRAT'),
    (5, 'RPG'), (5, 'ADV'),
    (6, 'SPT'),
    (7, 'RPG'), (7, 'ADV'),
    (8, 'PUZ'), (8, 'ACT'), (8, 'ADV'), (8, 'PLT'),
    (9, 'RPG'), (9, 'ADV'),
    (10, 'ADV'), (10, 'SSIM'), (10, 'SNDBX'),
    (11, 'SUR'), (11, 'NLG'), (11, 'ACT'), (11, 'ADV'),
    (12, 'RPG'), (12, 'ADV'),
    (13, 'ACT'), (13, 'RACE'),
    (14, 'ACT'), (14, 'ADV'), (14, 'PUZ'), (14, 'FGT'),
    (15, 'FPS'), (15, 'ACT'),
    (16, 'FPS'), (16, 'ADV'),
    (17, 'FPS'), (17, 'ADV'),
    (18, 'FPS'), (18, 'ADV'),
    (19, 'FPS'), (19, 'ADV'),
    (20, 'SPT'), (20, 'SIM'),
    (21, 'RPG'), (21, 'ADV'),
    (22, 'RPG'), (22, 'ADV'),
    (23, 'RPG'), (23, 'ADV'),
    (24, 'RPG'), (24, 'ADV'),
    (25, 'RPG'), (25, 'ADV'),
    (26, 'RPG'), (26, 'ADV'),
    (27, 'SSIM'),
    (28, 'RPG'), (28, 'ADV'),
    (29, 'ROG'), (29, 'STRAT'), (29, 'ADV'),
    (30, 'ADV'), (30, 'SSIM'),
    (31, 'PLT'), (31, 'FGT'),
    (32, 'ACT'), (32, 'RACE'),
    (33, 'ACT'), (33, 'ADV'), (33, 'PUZ'),
    (34, 'PLT'), (34, 'FGT'),
    (35, 'STRAT'), (35, 'BRD'),
    (36, 'STRAT'), (36, 'BRD'),
    (37, 'IND'), (37, 'RPG'), (37, 'ADV'), (37, 'LSIM'), (37, 'ACT'), (37, 'FGT'), (37, 'STRAT'),
    (38, 'ACT'), (38, 'PAR'),
    (39, 'TRIV'), (39, 'IND'), (39, 'STRAT'), (39, 'PAR'), (39, 'SHT'),
    (40, 'TRIV'), (40, 'IND'), (40, 'STRAT'), (40, 'PAR'), (40, 'SHT'),
    (41, 'ACT'), (41, 'ADV'), (41, 'RPG'),
    (42, 'OPW'), (42, 'PUZ'), (42, 'ACT'), (42, 'FGT'), (42, 'RPG'), (42, 'ADV'), (42, 'SHT'), (42, 'NLG'),
    (43, 'STRAT'), (43, 'BRD'),
    (44, 'ACT'), (44, 'ADV'),
    (45, 'ACT'), (45, 'ADV'), (45, 'RPG'),
    (46, 'FPS'), (46, 'BRG'),
    (47, 'IND'), (47, 'ROG'), (47, 'BRD'),
    (48, 'RPG'), (48, 'STRAT'), (48, 'ADV'),
    (49, 'IND'), (49, 'ADV'), (49, 'SURH'),
    (50, 'ACT'),
    (51, 'IND'), (51, 'RPG'), (51, 'ADV'), (51, 'LSIM'), (51, 'ACT'), (51, 'FGT'), (51, 'STRAT'),
    (52, 'FPS'),
    (53, 'FPS'), (53, 'PUZ'), (53, 'ADV'), (53, 'ACT'), (53, 'RPG'), (53, 'FGT'),
    (54, 'FPS'), (54, 'ACT'),
    (55, 'OPW'), (55, 'SHT'), (55, 'FGT'), (55, 'ACT'), (55, 'RPG'), (55, 'ADV'), (55, 'NLG'),
    (56, 'FPS'), (56, 'OPW'), (56, 'ACT'), (56, 'RPG'), (56, 'FGT'), (56, 'TPS'), (55, 'NLG'),
    (57, 'OPW'), (57, 'FPS'), (57, 'ACT'), (57, 'ADV'), (57, 'NLG'),
    (58, 'OPW'), (58, 'FPS'), (58, 'ACT'), (58, 'ADV'),
    (59, 'IND'), (59, 'ADV'), (59, 'SURH'),
    (60, 'SPT'), (60, 'SIM'), (60, 'STRAT'), (60, 'ADV'),
    (61, 'SPT'), (61, 'SIM'), (61, 'STRAT'), (61, 'ADV'),
    (62, 'SPT'), (62, 'SIM'), (62, 'STRAT'), (62, 'ADV'),
    (63, 'OPW'), (63, 'IND'), (63, 'SHT'), (63, 'ACT'), (63, 'ADV'), (63, 'STRAT'), (63, 'NLG'),
    (64, 'IND'), (64, 'ADV'), (64, 'ACT'),
    (65, 'PLT'), (65, 'NLG'), (65, 'ACT'), (65, 'ADV'), (65, 'SNDBX')
;